scenario_id,same_initialization,waypoints,method,iterations,stopping_reason,runtime_s,final_objective,final_penalized_objective,final_penalized_gradient_norm,maximum_sampled_constraint_violation,exact_feasible,minimum_clearance_m,condition_number,hessian_classification
0,True,5,Gradient Descent,3000,maximum_iterations,3.181619644165039,0.4363565820131996,0.4363565820131996,0.032298477094372245,0.0,False,-0.0025280341678652896,,positive semidefinite
0,True,5,Heavy-Ball,3000,maximum_iterations,3.193908929824829,0.4411064088743192,0.4411064088743192,0.02500254426087678,0.0,True,0.09295155257473753,,positive semidefinite
1,True,5,Gradient Descent,3000,maximum_iterations,3.4667751789093018,0.45327500614249666,0.45327500614249666,0.033290381525313106,0.0,True,0.013045257001427446,,positive semidefinite
1,True,5,Heavy-Ball,3000,maximum_iterations,3.442269802093506,0.4551409578056499,0.4551409578056499,0.02456425979321426,0.0,True,0.1666006395910402,,positive semidefinite
2,True,5,Gradient Descent,3000,maximum_iterations,3.230421781539917,0.3579677188588804,0.3579677188588804,0.032676096707656276,0.0,True,0.03247306163368657,,positive semidefinite
2,True,5,Heavy-Ball,3000,maximum_iterations,3.2182326316833496,0.4221058579680688,0.4221058579680688,0.06130487363013221,0.0,True,0.43577135900721364,,positive semidefinite
3,True,5,Gradient Descent,3000,maximum_iterations,4.199841260910034,0.5594415616314494,0.5594415616314494,0.038954441337532834,0.0,True,0.015974190010465517,,positive semidefinite
3,True,5,Heavy-Ball,3000,maximum_iterations,4.182319402694702,0.6104036173792553,0.6104036173792553,0.0555808710821556,0.0,True,0.16620970164406046,,positive semidefinite
4,True,5,Gradient Descent,3000,maximum_iterations,5.7702202796936035,0.41791001684750695,0.41791001684750695,0.026447396535586462,0.0,True,0.006343448435166543,,positive semidefinite
4,True,5,Heavy-Ball,3000,maximum_iterations,9.302477359771729,0.4234095299244406,0.4234095299244406,0.022750901588067685,0.0,True,0.23189212818317406,,positive semidefinite
5,True,5,Gradient Descent,3000,maximum_iterations,7.163651704788208,0.39809836679774124,0.39809836679774124,0.03496619186641931,0.0,False,-0.0007098978360686736,,positive semidefinite
5,True,5,Heavy-Ball,3000,maximum_iterations,6.865083456039429,0.41117714741775896,0.41117714741775896,0.036533732748957014,0.0,True,0.17634052376188514,,positive semidefinite
6,True,5,Gradient Descent,3000,maximum_iterations,10.039560079574585,0.4451265957016036,0.4451265957016036,0.015409325869796668,0.0,True,0.0006137510992831885,,positive semidefinite
6,True,5,Heavy-Ball,3000,maximum_iterations,10.238844394683838,0.4458959051484295,0.4458959051484295,0.010980435355013354,0.0,True,0.13005857819853706,,positive semidefinite
7,True,5,Gradient Descent,3000,maximum_iterations,8.039498329162598,0.4345176144118888,0.4345176144118888,0.019612571290136646,0.0,True,0.00510565311971467,,positive semidefinite
7,True,5,Heavy-Ball,3000,maximum_iterations,7.354749441146851,0.4632840552663908,0.4632840552663908,0.04774394121584953,0.0,True,0.6597536419891392,,positive semidefinite
8,True,5,Gradient Descent,3000,maximum_iterations,9.656818866729736,0.32008253527047253,0.32008253527047253,0.05756037596496882,0.0,True,0.004025766465328706,,positive semidefinite
8,True,5,Heavy-Ball,3000,maximum_iterations,9.361608266830444,0.5944649971189295,9.275652189021594,0.11953038387085281,0.09014307865965954,False,-0.10282316957557835,,indefinite
9,True,5,Gradient Descent,3000,maximum_iterations,7.392926454544067,0.38840546573520457,0.38840546573520457,0.04404408250554169,0.0,False,-0.003519217324024382,,positive semidefinite
9,True,5,Heavy-Ball,3000,maximum_iterations,7.285363435745239,0.40129338575943047,0.40129338575943047,0.035868155761977216,0.0,True,0.31422984319057723,,positive semidefinite
10,True,5,Gradient Descent,3000,maximum_iterations,9.18234634399414,0.6377697840146858,125.82655553300712,2855.914749011398,0.24724559797698387,False,-0.29552950217578156,1781162431.397786,positive definite
10,True,5,Heavy-Ball,3000,maximum_iterations,9.321208238601685,0.639992398599903,112.57965076398864,2834.5634747950826,0.22163950018233214,False,-0.30471633547473864,95469233.4917459,positive definite
11,True,5,Gradient Descent,3000,maximum_iterations,7.077838659286499,0.4592449771269761,0.4592449771269761,0.024539570709139102,0.0,True,0.01650295390629042,,positive semidefinite
11,True,5,Heavy-Ball,3000,maximum_iterations,7.1090147495269775,0.5312535722515322,0.5312535722515322,0.06780436791753598,0.0,True,0.06080475497592186,,positive semidefinite
12,True,5,Gradient Descent,3000,maximum_iterations,9.557024955749512,0.4337553748060765,0.4337553748060765,0.048805820223087486,0.0,False,-0.0023702690402800375,,positive semidefinite
12,True,5,Heavy-Ball,3000,maximum_iterations,9.303404808044434,0.5859597610478322,0.5859597610478322,0.09315204417476917,0.0,True,0.26796942157476367,,positive semidefinite
13,True,5,Gradient Descent,3000,maximum_iterations,7.0849480628967285,0.27779518982300233,0.27779518982300233,0.018908862895681423,0.0,False,-0.0013943864307857101,,positive semidefinite
13,True,5,Heavy-Ball,3000,maximum_iterations,6.975309133529663,0.35530097879072586,0.35530097879072586,0.12914771345599924,0.0,True,0.21136230176111925,,positive semidefinite
14,True,5,Gradient Descent,3000,maximum_iterations,8.988115072250366,0.3897059566055873,0.3897059566055873,0.03876521916141221,0.0,True,0.0017121411710778744,,positive semidefinite
14,True,5,Heavy-Ball,3000,maximum_iterations,9.15222430229187,0.39391848785954947,0.39391848785954947,0.03704716112387907,0.0,True,0.056674472845112955,,positive semidefinite
15,True,5,Gradient Descent,3000,maximum_iterations,8.94594120979309,0.3819815910005784,0.3819815910005784,0.03366341703128736,0.0,True,6.517578229092713e-05,,positive semidefinite
15,True,5,Heavy-Ball,3000,maximum_iterations,9.042126655578613,0.3894060606472472,0.3894060606472472,0.041478109133113755,0.0,True,0.048364025160582136,,positive semidefinite
16,True,5,Gradient Descent,3000,maximum_iterations,9.388055562973022,0.43772634247839814,301.09444240037294,2258.3624721495034,0.5483217198470709,False,-0.1859766361057733,,positive semidefinite
16,True,5,Heavy-Ball,3000,maximum_iterations,9.351393461227417,0.43769243084995363,301.094408486594,2258.3623979413137,0.5483217198470336,False,-0.1859766361057733,,positive semidefinite
17,True,5,Gradient Descent,3000,maximum_iterations,4.363356590270996,0.43668212045968746,0.43668212045968746,0.045517390799227925,0.0,True,0.0034226893332482966,,positive semidefinite
17,True,5,Heavy-Ball,3000,maximum_iterations,3.248307228088379,0.4717969340075289,0.4717969340075289,0.054429713037588895,0.0,True,0.1815585388020995,,positive semidefinite
18,True,5,Gradient Descent,3000,maximum_iterations,3.320073366165161,0.3425173811218015,0.3425173811218015,0.038479003155451684,0.0,False,-0.0038321132430387816,,positive semidefinite
18,True,5,Heavy-Ball,3000,maximum_iterations,3.260441303253174,0.3436373630210049,0.3436373630210049,0.08807650407787194,0.0,True,0.013589866625546732,,positive semidefinite
19,True,5,Gradient Descent,3000,maximum_iterations,3.2846648693084717,0.39340943838625214,0.39340943838625214,0.0252190842144073,0.0,False,-0.0008307320943055085,,positive semidefinite
19,True,5,Heavy-Ball,3000,maximum_iterations,3.2300736904144287,0.5895623739218183,0.5895623739218183,0.1026378121255994,0.0,True,0.10288267748842306,,positive semidefinite
20,True,5,Gradient Descent,3000,maximum_iterations,3.2061147689819336,0.3986145692296603,0.3986145692296603,0.03981057151603598,0.0,False,-0.003197490029947847,,positive semidefinite
20,True,5,Heavy-Ball,3000,maximum_iterations,3.230149745941162,0.4160981278037098,0.4160981278037098,0.040928784987946394,0.0,True,0.3251243076147228,,positive semidefinite
21,True,5,Gradient Descent,3000,maximum_iterations,3.1932666301727295,0.32078849679530524,0.32078849679530524,0.040937114339471836,0.0,True,0.00386346777998936,,positive semidefinite
21,True,5,Heavy-Ball,3000,maximum_iterations,3.1934571266174316,0.34742312552825527,0.34742312552825527,0.040449226784872776,0.0,True,0.12178294719651639,,positive semidefinite
22,True,5,Gradient Descent,3000,maximum_iterations,6.266387701034546,0.27936491078897385,0.27936491078897385,0.036844625607089766,0.0,False,-0.00047236931710115115,,positive semidefinite
22,True,5,Heavy-Ball,3000,maximum_iterations,6.309595346450806,0.28599658031552655,0.28599658031552655,0.03264040595259481,0.0,True,0.01576623615907624,,positive semidefinite
23,True,5,Gradient Descent,3000,maximum_iterations,6.255374193191528,0.34778061467623567,0.34778061467623567,0.021089610161783744,0.0,True,0.008112436430028902,,positive semidefinite
23,True,5,Heavy-Ball,3000,maximum_iterations,6.107402801513672,0.35289140719442313,0.35289140719442313,0.029654627407326672,0.0,True,0.17457970764798425,,positive semidefinite
24,True,5,Gradient Descent,3000,maximum_iterations,6.425118923187256,0.5352814586028741,0.5352814586028741,0.06433684621803064,0.0,True,0.00670231581002545,,positive semidefinite
24,True,5,Heavy-Ball,3000,maximum_iterations,6.398782730102539,0.6334453093583234,0.6334453093583234,352.86829892317365,0.0,True,0.07200863164344495,,positive semidefinite
25,True,5,Gradient Descent,3000,maximum_iterations,6.315201759338379,0.37149688275594667,0.37149688275594667,0.0447232443164158,0.0,True,0.005280936892067878,,positive semidefinite
25,True,5,Heavy-Ball,3000,maximum_iterations,6.057652950286865,0.45331187038703136,0.45331187038703136,0.07057476442524042,0.0,True,0.5584101587196262,,positive semidefinite
26,True,5,Gradient Descent,3000,maximum_iterations,6.2172815799713135,0.34552210894810076,0.34552210894810076,0.009899595597732035,0.0,True,0.0020287160402781,,positive semidefinite
26,True,5,Heavy-Ball,3000,maximum_iterations,6.104800462722778,0.3509639786479935,0.3509639786479935,0.023501622576952735,0.0,True,0.31878313214056275,,positive semidefinite
27,True,5,Gradient Descent,3000,maximum_iterations,6.213616371154785,0.42483539603075166,0.42483539603075166,0.021483523232826686,0.0,False,-0.0030074640155806076,,positive semidefinite
27,True,5,Heavy-Ball,3000,maximum_iterations,6.314984321594238,0.43543699937113495,0.43543699937113495,0.02138193334239848,0.0,True,0.13577911679812105,,positive semidefinite
28,True,5,Gradient Descent,3000,maximum_iterations,4.729438066482544,0.3460766578003113,0.3460766578003113,0.0408200083822747,0.0,True,0.008646710409371927,,positive semidefinite
28,True,5,Heavy-Ball,3000,maximum_iterations,4.830682277679443,0.41057429732819684,0.41057429732819684,0.0759899561491941,0.0,True,0.09223062371251722,,positive semidefinite
29,True,5,Gradient Descent,3000,maximum_iterations,4.863906621932983,0.2797743592633439,0.2797743592633439,0.008161806655080348,0.0,True,0.004015183980834669,,positive semidefinite
29,True,5,Heavy-Ball,3000,maximum_iterations,4.8420655727386475,0.2811967360605244,0.2811967360605244,0.00926089057493927,0.0,True,0.1384616598871713,,positive semidefinite
30,True,5,Gradient Descent,3000,maximum_iterations,6.341359376907349,0.4824056324449212,715.2920287914587,3990.428203158956,0.8454641399343634,False,-0.23659808426664442,,positive semidefinite
30,True,5,Heavy-Ball,3000,maximum_iterations,6.277661561965942,0.4823979105321244,715.2920210695547,3990.4282041934625,0.8454641399343634,False,-0.23659808426664442,,positive semidefinite
31,True,5,Gradient Descent,3000,maximum_iterations,4.726884841918945,0.290909184740377,0.290909184740377,0.033404947333687755,0.0,True,0.0038349068033278755,,positive semidefinite
31,True,5,Heavy-Ball,3000,maximum_iterations,4.702054738998413,0.3112283014759889,0.3112283014759889,0.0379579373004159,0.0,True,0.16321327167072885,,positive semidefinite
32,True,5,Gradient Descent,3000,maximum_iterations,6.256566047668457,0.4245485067185484,0.4245485067185484,0.04088497456894713,0.0,False,-0.00039492307941380034,,positive semidefinite
32,True,5,Heavy-Ball,3000,maximum_iterations,6.3140974044799805,0.47503466378654513,0.47503466378654513,0.04728105523478332,0.0,True,0.16235307401934684,,positive semidefinite
33,True,5,Gradient Descent,3000,maximum_iterations,4.9746551513671875,0.4327520302372777,362.7848357246701,3122.124113688287,0.6019568661018639,False,-0.15742047876968135,,positive semidefinite
33,True,5,Heavy-Ball,3000,maximum_iterations,4.927231073379517,0.432742531154905,362.78482622525166,3122.1241007425783,0.6019568661018635,False,-0.15742047876968135,,positive semidefinite
34,True,5,Gradient Descent,3000,maximum_iterations,4.61205792427063,0.3796163209083233,0.3796163209083233,0.037255641164123846,0.0,True,0.0012243968671410421,,positive semidefinite
34,True,5,Heavy-Ball,3000,maximum_iterations,4.714731931686401,0.4057807902605832,0.4057807902605832,0.03638924478364745,0.0,True,0.3968953409466949,,positive semidefinite
35,True,5,Gradient Descent,3000,maximum_iterations,6.281967401504517,0.6500128925230264,1475.6457296436292,913.892644383985,0.8086249670920354,False,-0.6062489371019306,264477377.39129454,positive definite
35,True,5,Heavy-Ball,3000,maximum_iterations,6.375617980957031,0.6497998529300977,1474.7307327987512,918.2993953780382,0.8095164374661804,False,-0.6073526083779842,288835801.55834615,positive definite
36,True,5,Gradient Descent,3000,maximum_iterations,4.751389980316162,0.45941717041968433,0.45941717041968433,0.032576450385309604,0.0,True,0.02011041479220177,,positive semidefinite
36,True,5,Heavy-Ball,3000,maximum_iterations,4.786928653717041,0.47241026680825016,0.47241026680825016,0.05534835797472499,0.0,True,0.2035233033807291,,positive semidefinite
37,True,5,Gradient Descent,3000,maximum_iterations,6.1924731731414795,0.18496004645514272,0.18496004645514272,0.025127093101078482,0.0,True,0.0007547665082909827,,positive semidefinite
37,True,5,Heavy-Ball,3000,maximum_iterations,6.1307759284973145,0.18807751955315286,0.18807751955315286,0.024544066409946268,0.0,True,0.04757615083958777,,positive semidefinite
38,True,5,Gradient Descent,3000,maximum_iterations,4.809273958206177,0.3210463411626704,0.3210463411626704,0.02213817958727356,0.0,True,0.0015097591258226295,,positive semidefinite
38,True,5,Heavy-Ball,3000,maximum_iterations,4.654589653015137,0.3199923828827396,0.3199923828827396,0.015100945169205399,0.0,True,0.0045889645005128266,,positive semidefinite
39,True,5,Gradient Descent,3000,maximum_iterations,4.609835386276245,0.29543483226348977,0.29543483226348977,0.0407098736462771,0.0,True,0.01240047435486491,,positive semidefinite
39,True,5,Heavy-Ball,3000,maximum_iterations,4.7605321407318115,0.3505567041278107,0.3505567041278107,0.05945078040808296,0.0,True,0.19150032788466453,,positive semidefinite
40,True,5,Gradient Descent,3000,maximum_iterations,4.66741681098938,0.32981297523267855,0.32981297523267855,0.02194912186159286,0.0,False,-0.0029121925314594677,,positive semidefinite
40,True,5,Heavy-Ball,3000,maximum_iterations,4.6110405921936035,0.37236166390239644,0.37236166390239644,0.06056195440389386,0.0,True,0.4728436798876905,,positive semidefinite
41,True,5,Gradient Descent,3000,maximum_iterations,6.715825319290161,0.4702437121820784,845.2262066821621,3625.26190308009,0.9191060632141184,False,-0.2977816168571652,,positive semidefinite
41,True,5,Heavy-Ball,3000,maximum_iterations,6.242292881011963,0.4702235569664362,845.2261865265838,3625.261888858124,0.9191060632141181,False,-0.2977816168571652,,positive semidefinite
42,True,5,Gradient Descent,3000,maximum_iterations,4.805452108383179,0.3848033361270649,0.3848033361270649,4.130686654199164,0.0,True,0.01936992062432097,,positive semidefinite
42,True,5,Heavy-Ball,3000,maximum_iterations,4.71008825302124,0.5976744420518953,0.5976744420518953,0.10647032581674423,0.0,True,0.1605168183992134,,positive semidefinite
43,True,5,Gradient Descent,3000,maximum_iterations,6.350947856903076,0.32986302811918033,0.32986302811918033,0.03193108767590876,0.0,True,0.008452257868329927,,positive semidefinite
43,True,5,Heavy-Ball,3000,maximum_iterations,6.253530263900757,0.3265525241984695,0.3265525241984695,0.024086328366290967,0.0,True,0.006177761013697269,,positive semidefinite
44,True,5,Gradient Descent,3000,maximum_iterations,6.301037073135376,0.7076009751111569,2677.783258514526,2591.4162117350515,1.2660555596656415,False,-0.5370620058359501,13054593.49789083,positive definite
44,True,5,Heavy-Ball,3000,maximum_iterations,6.517027378082275,0.697327962728273,2251.5970041523237,7241.319322078234,0.9506364226013484,False,-0.47504998995039593,35342543.89485829,positive definite
45,True,5,Gradient Descent,3000,maximum_iterations,4.798564910888672,0.5370961704700382,984.8218899690696,3688.441256791201,0.9921112767447364,False,-0.3347954832396469,,positive semidefinite
45,True,5,Heavy-Ball,3000,maximum_iterations,4.672799348831177,0.5370719015559537,984.8218657000408,3688.4412523062556,0.9921112767447364,False,-0.3347954832396469,,positive semidefinite
46,True,5,Gradient Descent,3000,maximum_iterations,6.234489440917969,0.4044442549603252,0.4044442549603252,0.031512222677405194,0.0,True,0.006836181158536014,,positive semidefinite
46,True,5,Heavy-Ball,3000,maximum_iterations,6.206049203872681,0.5296455738437755,0.5296455738437755,0.08072354851841722,0.0,True,0.08037612021008611,,positive semidefinite
47,True,5,Gradient Descent,3000,maximum_iterations,4.728720426559448,0.2441178221508601,0.2441178221508601,0.020122167091672263,0.0,True,0.009980210430113434,,positive semidefinite
47,True,5,Heavy-Ball,3000,maximum_iterations,4.587935924530029,0.2493018289633148,0.2493018289633148,0.019073072801904636,0.0,True,0.15833268407923495,,positive semidefinite
48,True,5,Gradient Descent,3000,maximum_iterations,6.3149073123931885,0.19359059111060808,0.19359059111060808,0.026221188169402155,0.0,True,0.0022149003413933777,,positive semidefinite
48,True,5,Heavy-Ball,3000,maximum_iterations,6.134599924087524,0.4998116977859134,11.951859257061415,0.16224217418094172,0.0769094306959639,False,-0.12221036211071645,,indefinite
49,True,5,Gradient Descent,3000,maximum_iterations,6.053123712539673,0.41879610052654725,0.41879610052654725,0.028660258814191666,0.0,True,0.010107498026804773,,positive semidefinite
49,True,5,Heavy-Ball,3000,maximum_iterations,6.393323183059692,0.42600161068393233,0.42600161068393233,0.02673726391580334,0.0,True,0.23423904030446208,,positive semidefinite
